,ISO3,gbd_level3_mor,UN_M49_level1,IMAGE26,continents,gbd_location_id
0,DZA,Algeria,Africa,NAF,Africa,139
1,DZA,Algeria,Africa,NAF,Africa,139
2,DZA,Algeria,Africa,NAF,Africa,139
3,DZA,Algeria,Africa,NAF,Africa,139
4,DZA,Algeria,Africa,NAF,Africa,139
5,DZA,Algeria,Africa,NAF,Africa,139
6,DZA,Algeria,Africa,NAF,Africa,139
7,DZA,Algeria,Africa,NAF,Africa,139
8,EGY,Egypt,Africa,NAF,Africa,141
9,EGY,Egypt,Africa,NAF,Africa,141
10,EGY,Egypt,Africa,NAF,Africa,141
11,EGY,Egypt,Africa,NAF,Africa,141
12,EGY,Egypt,Africa,NAF,Africa,141
13,EGY,Egypt,Africa,NAF,Africa,141
14,EGY,Egypt,Africa,NAF,Africa,141
15,EGY,Egypt,Africa,NAF,Africa,141
16,LBY,Libya,Africa,NAF,Africa,147
17,LBY,Libya,Africa,NAF,Africa,147
18,LBY,Libya,Africa,NAF,Africa,147
19,LBY,Libya,Africa,NAF,Africa,147
20,LBY,Libya,Africa,NAF,Africa,147
21,LBY,Libya,Africa,NAF,Africa,147
22,LBY,Libya,Africa,NAF,Africa,147
23,LBY,Libya,Africa,NAF,Africa,147
24,MAR,Morocco,Africa,NAF,Africa,148
25,MAR,Morocco,Africa,NAF,Africa,148
26,MAR,Morocco,Africa,NAF,Africa,148
27,MAR,Morocco,Africa,NAF,Africa,148
28,MAR,Morocco,Africa,NAF,Africa,148
29,MAR,Morocco,Africa,NAF,Africa,148
30,MAR,Morocco,Africa,NAF,Africa,148
31,MAR,Morocco,Africa,NAF,Africa,148
32,SDN,Sudan,Africa,EAF,Africa,522
33,SDN,Sudan,Africa,EAF,Africa,522
34,SDN,Sudan,Africa,EAF,Africa,522
35,SDN,Sudan,Africa,EAF,Africa,522
36,SDN,Sudan,Africa,EAF,Africa,522
37,SDN,Sudan,Africa,EAF,Africa,522
38,SDN,Sudan,Africa,EAF,Africa,522
39,SDN,Sudan,Africa,EAF,Africa,522
40,SDN,Sudan,Africa,EAF,Africa,522
41,TUN,Tunisia,Africa,NAF,Africa,154
42,TUN,Tunisia,Africa,NAF,Africa,154
43,TUN,Tunisia,Africa,NAF,Africa,154
44,TUN,Tunisia,Africa,NAF,Africa,154
45,TUN,Tunisia,Africa,NAF,Africa,154
46,TUN,Tunisia,Africa,NAF,Africa,154
47,TUN,Tunisia,Africa,NAF,Africa,154
48,TUN,Tunisia,Africa,NAF,Africa,154
49,MUS,Mauritius,Africa,EAF,Africa,183
50,MUS,Mauritius,Africa,EAF,Africa,183
51,MUS,Mauritius,Africa,EAF,Africa,183
52,MUS,Mauritius,Africa,EAF,Africa,183
53,MUS,Mauritius,Africa,EAF,Africa,183
54,MUS,Mauritius,Africa,EAF,Africa,183
55,MUS,Mauritius,Africa,EAF,Africa,183
56,SYC,Seychelles,Africa,EAF,Africa,186
57,SYC,Seychelles,Africa,EAF,Africa,186
58,SYC,Seychelles,Africa,EAF,Africa,186
59,SYC,Seychelles,Africa,EAF,Africa,186
60,SYC,Seychelles,Africa,EAF,Africa,186
61,SYC,Seychelles,Africa,EAF,Africa,186
62,SYC,Seychelles,Africa,EAF,Africa,186
63,AGO,Angola,Africa,RSAF,Africa,168
64,AGO,Angola,Africa,RSAF,Africa,168
65,AGO,Angola,Africa,RSAF,Africa,168
66,AGO,Angola,Africa,RSAF,Africa,168
67,AGO,Angola,Africa,RSAF,Africa,168
68,AGO,Angola,Africa,RSAF,Africa,168
69,CAF,Central African Republic,Africa,WAF,Africa,169
70,CAF,Central African Republic,Africa,WAF,Africa,169
71,CAF,Central African Republic,Africa,WAF,Africa,169
72,CAF,Central African Republic,Africa,WAF,Africa,169
73,CAF,Central African Republic,Africa,WAF,Africa,169
74,CAF,Central African Republic,Africa,WAF,Africa,169
75,CAF,Central African Republic,Africa,WAF,Africa,169
76,COG,Congo,Africa,WAF,Africa,170
77,COG,Congo,Africa,WAF,Africa,170
78,COG,Congo,Africa,WAF,Africa,170
79,COG,Congo,Africa,WAF,Africa,170
80,COG,Congo,Africa,WAF,Africa,170
81,COG,Congo,Africa,WAF,Africa,170
82,COD,Democratic Republic of the Congo,Africa,WAF,Africa,171
83,COD,Democratic Republic of the Congo,Africa,WAF,Africa,171
84,COD,Democratic Republic of the Congo,Africa,WAF,Africa,171
85,COD,Democratic Republic of the Congo,Africa,WAF,Africa,171
86,COD,Democratic Republic of the Congo,Africa,WAF,Africa,171
87,COD,Democratic Republic of the Congo,Africa,WAF,Africa,171
88,GNQ,Equatorial Guinea,Africa,WAF,Africa,172
89,GNQ,Equatorial Guinea,Africa,WAF,Africa,172
90,GNQ,Equatorial Guinea,Africa,WAF,Africa,172
91,GNQ,Equatorial Guinea,Africa,WAF,Africa,172
92,GNQ,Equatorial Guinea,Africa,WAF,Africa,172
93,GNQ,Equatorial Guinea,Africa,WAF,Africa,172
94,GAB,Gabon,Africa,WAF,Africa,173
95,GAB,Gabon,Africa,WAF,Africa,173
96,GAB,Gabon,Africa,WAF,Africa,173
97,GAB,Gabon,Africa,WAF,Africa,173
98,GAB,Gabon,Africa,WAF,Africa,173
99,GAB,Gabon,Africa,WAF,Africa,173
100,GAB,Gabon,Africa,WAF,Africa,173
101,BDI,Burundi,Africa,EAF,Africa,175
102,BDI,Burundi,Africa,EAF,Africa,175
103,BDI,Burundi,Africa,EAF,Africa,175
104,BDI,Burundi,Africa,EAF,Africa,175
105,BDI,Burundi,Africa,EAF,Africa,175
106,BDI,Burundi,Africa,EAF,Africa,175
107,COM,Comoros,Africa,EAF,Africa,176
108,COM,Comoros,Africa,EAF,Africa,176
109,COM,Comoros,Africa,EAF,Africa,176
110,COM,Comoros,Africa,EAF,Africa,176
111,COM,Comoros,Africa,EAF,Africa,176
112,COM,Comoros,Africa,EAF,Africa,176
113,COM,Comoros,Africa,EAF,Africa,176
114,COM,Comoros,Africa,EAF,Africa,176
115,DJI,Djibouti,Africa,EAF,Africa,177
116,DJI,Djibouti,Africa,EAF,Africa,177
117,DJI,Djibouti,Africa,EAF,Africa,177
118,DJI,Djibouti,Africa,EAF,Africa,177
119,DJI,Djibouti,Africa,EAF,Africa,177
120,DJI,Djibouti,Africa,EAF,Africa,177
121,DJI,Djibouti,Africa,EAF,Africa,177
122,DJI,Djibouti,Africa,EAF,Africa,177
123,ERI,Eritrea,Africa,EAF,Africa,178
124,ERI,Eritrea,Africa,EAF,Africa,178
125,ERI,Eritrea,Africa,EAF,Africa,178
126,ERI,Eritrea,Africa,EAF,Africa,178
127,ERI,Eritrea,Africa,EAF,Africa,178
128,ERI,Eritrea,Africa,EAF,Africa,178
129,ERI,Eritrea,Africa,EAF,Africa,178
130,ETH,Ethiopia,Africa,EAF,Africa,179
131,ETH,Ethiopia,Africa,EAF,Africa,179
132,ETH,Ethiopia,Africa,EAF,Africa,179
133,ETH,Ethiopia,Africa,EAF,Africa,179
134,ETH,Ethiopia,Africa,EAF,Africa,179
135,ETH,Ethiopia,Africa,EAF,Africa,179
136,KEN,Kenya,Africa,EAF,Africa,180
137,KEN,Kenya,Africa,EAF,Africa,180
138,KEN,Kenya,Africa,EAF,Africa,180
139,KEN,Kenya,Africa,EAF,Africa,180
140,KEN,Kenya,Africa,EAF,Africa,180
141,KEN,Kenya,Africa,EAF,Africa,180
142,KEN,Kenya,Africa,EAF,Africa,180
143,MDG,Madagascar,Africa,EAF,Africa,181
144,MDG,Madagascar,Africa,EAF,Africa,181
145,MDG,Madagascar,Africa,EAF,Africa,181
146,MDG,Madagascar,Africa,EAF,Africa,181
147,MDG,Madagascar,Africa,EAF,Africa,181
148,MDG,Madagascar,Africa,EAF,Africa,181
149,MWI,Malawi,Africa,RSAF,Africa,182
150,MWI,Malawi,Africa,RSAF,Africa,182
151,MWI,Malawi,Africa,RSAF,Africa,182
152,MWI,Malawi,Africa,RSAF,Africa,182
153,MWI,Malawi,Africa,RSAF,Africa,182
154,MWI,Malawi,Africa,RSAF,Africa,182
155,MWI,Malawi,Africa,RSAF,Africa,182
156,MOZ,Mozambique,Africa,RSAF,Africa,184
157,MOZ,Mozambique,Africa,RSAF,Africa,184
158,MOZ,Mozambique,Africa,RSAF,Africa,184
159,MOZ,Mozambique,Africa,RSAF,Africa,184
160,MOZ,Mozambique,Africa,RSAF,Africa,184
161,MOZ,Mozambique,Africa,RSAF,Africa,184
162,MOZ,Mozambique,Africa,RSAF,Africa,184
163,MOZ,Mozambique,Africa,RSAF,Africa,184
164,RWA,Rwanda,Africa,EAF,Africa,185
165,RWA,Rwanda,Africa,EAF,Africa,185
166,RWA,Rwanda,Africa,EAF,Africa,185
167,RWA,Rwanda,Africa,EAF,Africa,185
168,RWA,Rwanda,Africa,EAF,Africa,185
169,RWA,Rwanda,Africa,EAF,Africa,185
170,RWA,Rwanda,Africa,EAF,Africa,185
171,SOM,Somalia,Africa,EAF,Africa,187
172,SOM,Somalia,Africa,EAF,Africa,187
173,SOM,Somalia,Africa,EAF,Africa,187
174,SOM,Somalia,Africa,EAF,Africa,187
175,SOM,Somalia,Africa,EAF,Africa,187
176,SOM,Somalia,Africa,EAF,Africa,187
177,SOM,Somalia,Africa,EAF,Africa,187
178,SOM,Somalia,Africa,EAF,Africa,187
179,SOM,Somalia,Africa,EAF,Africa,187
180,SSD,South Sudan,Africa,EAF,Africa,435
181,SSD,South Sudan,Africa,EAF,Africa,435
182,SSD,South Sudan,Africa,EAF,Africa,435
183,SSD,South Sudan,Africa,EAF,Africa,435
184,SSD,South Sudan,Africa,EAF,Africa,435
185,SSD,South Sudan,Africa,EAF,Africa,435
186,SSD,South Sudan,Africa,EAF,Africa,435
187,UGA,Uganda,Africa,EAF,Africa,190
188,UGA,Uganda,Africa,EAF,Africa,190
189,UGA,Uganda,Africa,EAF,Africa,190
190,UGA,Uganda,Africa,EAF,Africa,190
191,UGA,Uganda,Africa,EAF,Africa,190
192,UGA,Uganda,Africa,EAF,Africa,190
193,UGA,Uganda,Africa,EAF,Africa,190
194,UGA,Uganda,Africa,EAF,Africa,190
195,TZA,Tanzania,Africa,RSAF,Africa,189
196,TZA,Tanzania,Africa,RSAF,Africa,189
197,TZA,Tanzania,Africa,RSAF,Africa,189
198,TZA,Tanzania,Africa,RSAF,Africa,189
199,TZA,Tanzania,Africa,RSAF,Africa,189
200,TZA,Tanzania,Africa,RSAF,Africa,189
201,TZA,Tanzania,Africa,RSAF,Africa,189
202,ZMB,Zambia,Africa,RSAF,Africa,191
203,ZMB,Zambia,Africa,RSAF,Africa,191
204,ZMB,Zambia,Africa,RSAF,Africa,191
205,ZMB,Zambia,Africa,RSAF,Africa,191
206,ZMB,Zambia,Africa,RSAF,Africa,191
207,ZMB,Zambia,Africa,RSAF,Africa,191
208,ZMB,Zambia,Africa,RSAF,Africa,191
209,BWA,Botswana,Africa,RSAF,Africa,193
210,BWA,Botswana,Africa,RSAF,Africa,193
211,BWA,Botswana,Africa,RSAF,Africa,193
212,BWA,Botswana,Africa,RSAF,Africa,193
213,BWA,Botswana,Africa,RSAF,Africa,193
214,BWA,Botswana,Africa,RSAF,Africa,193
215,BWA,Botswana,Africa,RSAF,Africa,193
216,SWZ,Swaziland,Africa,RSAF,Africa,197
217,SWZ,Swaziland,Africa,RSAF,Africa,197
218,SWZ,Swaziland,Africa,RSAF,Africa,197
219,SWZ,Swaziland,Africa,RSAF,Africa,197
220,SWZ,Swaziland,Africa,RSAF,Africa,197
221,SWZ,Swaziland,Africa,RSAF,Africa,197
222,SWZ,Swaziland,Africa,RSAF,Africa,197
223,LSO,Lesotho,Africa,RSAF,Africa,194
224,LSO,Lesotho,Africa,RSAF,Africa,194
225,LSO,Lesotho,Africa,RSAF,Africa,194
226,LSO,Lesotho,Africa,RSAF,Africa,194
227,LSO,Lesotho,Africa,RSAF,Africa,194
228,LSO,Lesotho,Africa,RSAF,Africa,194
229,LSO,Lesotho,Africa,RSAF,Africa,194
230,NAM,Namibia,Africa,RSAF,Africa,195
231,NAM,Namibia,Africa,RSAF,Africa,195
232,NAM,Namibia,Africa,RSAF,Africa,195
233,NAM,Namibia,Africa,RSAF,Africa,195
234,NAM,Namibia,Africa,RSAF,Africa,195
235,NAM,Namibia,Africa,RSAF,Africa,195
236,NAM,Namibia,Africa,RSAF,Africa,195
237,ZAF,South Africa,Africa,SAF,Africa,196
238,ZAF,South Africa,Africa,SAF,Africa,196
239,ZAF,South Africa,Africa,SAF,Africa,196
240,ZAF,South Africa,Africa,SAF,Africa,196
241,ZAF,South Africa,Africa,SAF,Africa,196
242,ZAF,South Africa,Africa,SAF,Africa,196
243,ZAF,South Africa,Africa,SAF,Africa,196
244,ZAF,South Africa,Africa,SAF,Africa,196
245,ZWE,Zimbabwe,Africa,RSAF,Africa,198
246,ZWE,Zimbabwe,Africa,RSAF,Africa,198
247,ZWE,Zimbabwe,Africa,RSAF,Africa,198
248,ZWE,Zimbabwe,Africa,RSAF,Africa,198
249,ZWE,Zimbabwe,Africa,RSAF,Africa,198
250,ZWE,Zimbabwe,Africa,RSAF,Africa,198
251,BEN,Benin,Africa,WAF,Africa,200
252,BEN,Benin,Africa,WAF,Africa,200
253,BEN,Benin,Africa,WAF,Africa,200
254,BEN,Benin,Africa,WAF,Africa,200
255,BEN,Benin,Africa,WAF,Africa,200
256,BEN,Benin,Africa,WAF,Africa,200
257,BEN,Benin,Africa,WAF,Africa,200
258,BFA,Burkina Faso,Africa,WAF,Africa,201
259,BFA,Burkina Faso,Africa,WAF,Africa,201
260,BFA,Burkina Faso,Africa,WAF,Africa,201
261,BFA,Burkina Faso,Africa,WAF,Africa,201
262,BFA,Burkina Faso,Africa,WAF,Africa,201
263,BFA,Burkina Faso,Africa,WAF,Africa,201
264,BFA,Burkina Faso,Africa,WAF,Africa,201
265,BFA,Burkina Faso,Africa,WAF,Africa,201
266,CPV,Cape Verde,Africa,WAF,Africa,203
267,CPV,Cape Verde,Africa,WAF,Africa,203
268,CPV,Cape Verde,Africa,WAF,Africa,203
269,CPV,Cape Verde,Africa,WAF,Africa,203
270,CPV,Cape Verde,Africa,WAF,Africa,203
271,CPV,Cape Verde,Africa,WAF,Africa,203
272,CMR,Cameroon,Africa,WAF,Africa,202
273,CMR,Cameroon,Africa,WAF,Africa,202
274,CMR,Cameroon,Africa,WAF,Africa,202
275,CMR,Cameroon,Africa,WAF,Africa,202
276,CMR,Cameroon,Africa,WAF,Africa,202
277,CMR,Cameroon,Africa,WAF,Africa,202
278,CMR,Cameroon,Africa,WAF,Africa,202
279,CMR,Cameroon,Africa,WAF,Africa,202
280,CMR,Cameroon,Africa,WAF,Africa,202
281,TCD,Chad,Africa,WAF,Africa,204
282,TCD,Chad,Africa,WAF,Africa,204
283,TCD,Chad,Africa,WAF,Africa,204
284,TCD,Chad,Africa,WAF,Africa,204
285,TCD,Chad,Africa,WAF,Africa,204
286,TCD,Chad,Africa,WAF,Africa,204
287,TCD,Chad,Africa,WAF,Africa,204
288,TCD,Chad,Africa,WAF,Africa,204
289,CIV,Cote d'Ivoire,Africa,WAF,Africa,205
290,GMB,The Gambia,Africa,WAF,Africa,206
291,GMB,The Gambia,Africa,WAF,Africa,206
292,GMB,The Gambia,Africa,WAF,Africa,206
293,GMB,The Gambia,Africa,WAF,Africa,206
294,GMB,The Gambia,Africa,WAF,Africa,206
295,GMB,The Gambia,Africa,WAF,Africa,206
296,GMB,The Gambia,Africa,WAF,Africa,206
297,GMB,The Gambia,Africa,WAF,Africa,206
298,GHA,Ghana,Africa,WAF,Africa,207
299,GHA,Ghana,Africa,WAF,Africa,207
300,GHA,Ghana,Africa,WAF,Africa,207
301,GHA,Ghana,Africa,WAF,Africa,207
302,GHA,Ghana,Africa,WAF,Africa,207
303,GHA,Ghana,Africa,WAF,Africa,207
304,GHA,Ghana,Africa,WAF,Africa,207
305,GIN,Guinea,Africa,WAF,Africa,208
306,GIN,Guinea,Africa,WAF,Africa,208
307,GIN,Guinea,Africa,WAF,Africa,208
308,GIN,Guinea,Africa,WAF,Africa,208
309,GIN,Guinea,Africa,WAF,Africa,208
310,GIN,Guinea,Africa,WAF,Africa,208
311,GIN,Guinea,Africa,WAF,Africa,208
312,GIN,Guinea,Africa,WAF,Africa,208
313,GNB,Guinea-Bissau,Africa,WAF,Africa,209
314,GNB,Guinea-Bissau,Africa,WAF,Africa,209
315,GNB,Guinea-Bissau,Africa,WAF,Africa,209
316,GNB,Guinea-Bissau,Africa,WAF,Africa,209
317,GNB,Guinea-Bissau,Africa,WAF,Africa,209
318,GNB,Guinea-Bissau,Africa,WAF,Africa,209
319,GNB,Guinea-Bissau,Africa,WAF,Africa,209
320,LBR,Liberia,Africa,WAF,Africa,210
321,LBR,Liberia,Africa,WAF,Africa,210
322,LBR,Liberia,Africa,WAF,Africa,210
323,LBR,Liberia,Africa,WAF,Africa,210
324,LBR,Liberia,Africa,WAF,Africa,210
325,LBR,Liberia,Africa,WAF,Africa,210
326,MLI,Mali,Africa,WAF,Africa,211
327,MLI,Mali,Africa,WAF,Africa,211
328,MLI,Mali,Africa,WAF,Africa,211
329,MLI,Mali,Africa,WAF,Africa,211
330,MLI,Mali,Africa,WAF,Africa,211
331,MLI,Mali,Africa,WAF,Africa,211
332,MLI,Mali,Africa,WAF,Africa,211
333,MLI,Mali,Africa,WAF,Africa,211
334,MRT,Mauritania,Africa,WAF,Africa,212
335,MRT,Mauritania,Africa,WAF,Africa,212
336,MRT,Mauritania,Africa,WAF,Africa,212
337,MRT,Mauritania,Africa,WAF,Africa,212
338,MRT,Mauritania,Africa,WAF,Africa,212
339,MRT,Mauritania,Africa,WAF,Africa,212
340,MRT,Mauritania,Africa,WAF,Africa,212
341,MRT,Mauritania,Africa,WAF,Africa,212
342,MRT,Mauritania,Africa,WAF,Africa,212
343,NER,Niger,Africa,WAF,Africa,213
344,NER,Niger,Africa,WAF,Africa,213
345,NER,Niger,Africa,WAF,Africa,213
346,NER,Niger,Africa,WAF,Africa,213
347,NER,Niger,Africa,WAF,Africa,213
348,NER,Niger,Africa,WAF,Africa,213
349,NER,Niger,Africa,WAF,Africa,213
350,NER,Niger,Africa,WAF,Africa,213
351,NGA,Nigeria,Africa,WAF,Africa,214
352,NGA,Nigeria,Africa,WAF,Africa,214
353,NGA,Nigeria,Africa,WAF,Africa,214
354,NGA,Nigeria,Africa,WAF,Africa,214
355,NGA,Nigeria,Africa,WAF,Africa,214
356,NGA,Nigeria,Africa,WAF,Africa,214
357,NGA,Nigeria,Africa,WAF,Africa,214
358,NGA,Nigeria,Africa,WAF,Africa,214
359,STP,Sao Tome and Principe,Africa,WAF,Africa,215
360,STP,Sao Tome and Principe,Africa,WAF,Africa,215
361,STP,Sao Tome and Principe,Africa,WAF,Africa,215
362,STP,Sao Tome and Principe,Africa,WAF,Africa,215
363,STP,Sao Tome and Principe,Africa,WAF,Africa,215
364,STP,Sao Tome and Principe,Africa,WAF,Africa,215
365,SEN,Senegal,Africa,WAF,Africa,216
366,SEN,Senegal,Africa,WAF,Africa,216
367,SEN,Senegal,Africa,WAF,Africa,216
368,SEN,Senegal,Africa,WAF,Africa,216
369,SEN,Senegal,Africa,WAF,Africa,216
370,SEN,Senegal,Africa,WAF,Africa,216
371,SEN,Senegal,Africa,WAF,Africa,216
372,SEN,Senegal,Africa,WAF,Africa,216
373,SLE,Sierra Leone,Africa,WAF,Africa,217
374,SLE,Sierra Leone,Africa,WAF,Africa,217
375,SLE,Sierra Leone,Africa,WAF,Africa,217
376,SLE,Sierra Leone,Africa,WAF,Africa,217
377,SLE,Sierra Leone,Africa,WAF,Africa,217
378,SLE,Sierra Leone,Africa,WAF,Africa,217
379,SLE,Sierra Leone,Africa,WAF,Africa,217
380,SLE,Sierra Leone,Africa,WAF,Africa,217
381,TGO,Togo,Africa,WAF,Africa,218
382,TGO,Togo,Africa,WAF,Africa,218
383,TGO,Togo,Africa,WAF,Africa,218
384,TGO,Togo,Africa,WAF,Africa,218
385,TGO,Togo,Africa,WAF,Africa,218
386,TGO,Togo,Africa,WAF,Africa,218
387,TGO,Togo,Africa,WAF,Africa,218
388,ARM,Armenia,Asia,RUS,Asia,33
389,ARM,Armenia,Asia,RUS,Asia,33
390,ARM,Armenia,Asia,RUS,Asia,33
391,ARM,Armenia,Asia,RUS,Asia,33
392,ARM,Armenia,Asia,RUS,Asia,33
393,AZE,Azerbaijan,Asia,RUS,Asia,34
394,AZE,Azerbaijan,Asia,RUS,Asia,34
395,AZE,Azerbaijan,Asia,RUS,Asia,34
396,AZE,Azerbaijan,Asia,RUS,Asia,34
397,AZE,Azerbaijan,Asia,RUS,Asia,34
398,AZE,Azerbaijan,Asia,RUS,Asia,34
399,GEO,Georgia,Asia,RUS,Asia,35
400,GEO,Georgia,Asia,RUS,Asia,533
401,GEO,Georgia,Asia,RUS,Asia,35
402,GEO,Georgia,Asia,RUS,Asia,35
403,GEO,Georgia,Asia,RUS,Asia,35
404,GEO,Georgia,Asia,RUS,Asia,35
405,KAZ,Kazakhstan,Asia,STAN,Asia,36
406,KAZ,Kazakhstan,Asia,STAN,Asia,36
407,KAZ,Kazakhstan,Asia,STAN,Asia,36
408,KAZ,Kazakhstan,Asia,STAN,Asia,36
409,KAZ,Kazakhstan,Asia,STAN,Asia,36
410,KAZ,Kazakhstan,Asia,STAN,Asia,36
411,KGZ,Kyrgyzstan,Asia,STAN,Asia,37
412,KGZ,Kyrgyzstan,Asia,STAN,Asia,37
413,KGZ,Kyrgyzstan,Asia,STAN,Asia,37
414,KGZ,Kyrgyzstan,Asia,STAN,Asia,37
415,KGZ,Kyrgyzstan,Asia,STAN,Asia,37
416,KGZ,Kyrgyzstan,Asia,STAN,Asia,37
417,MNG,Mongolia,Asia,CHN,Asia,38
418,MNG,Mongolia,Asia,CHN,Asia,38
419,MNG,Mongolia,Asia,CHN,Asia,38
420,MNG,Mongolia,Asia,CHN,Asia,38
421,MNG,Mongolia,Asia,CHN,Asia,38
422,TJK,Tajikistan,Asia,STAN,Asia,39
423,TJK,Tajikistan,Asia,STAN,Asia,39
424,TJK,Tajikistan,Asia,STAN,Asia,39
425,TJK,Tajikistan,Asia,STAN,Asia,39
426,TJK,Tajikistan,Asia,STAN,Asia,39
427,TJK,Tajikistan,Asia,STAN,Asia,39
428,TKM,Turkmenistan,Asia,STAN,Asia,40
429,TKM,Turkmenistan,Asia,STAN,Asia,40
430,TKM,Turkmenistan,Asia,STAN,Asia,40
431,TKM,Turkmenistan,Asia,STAN,Asia,40
432,TKM,Turkmenistan,Asia,STAN,Asia,40
433,TKM,Turkmenistan,Asia,STAN,Asia,40
434,UZB,Uzbekistan,Asia,STAN,Asia,41
435,UZB,Uzbekistan,Asia,STAN,Asia,41
436,UZB,Uzbekistan,Asia,STAN,Asia,41
437,UZB,Uzbekistan,Asia,STAN,Asia,41
438,UZB,Uzbekistan,Asia,STAN,Asia,41
439,UZB,Uzbekistan,Asia,STAN,Asia,41
440,BRN,Brunei,Asia,SEAS,Asia,66
441,BRN,Brunei,Asia,SEAS,Asia,66
442,BRN,Brunei,Asia,SEAS,Asia,66
443,BRN,Brunei,Asia,SEAS,Asia,66
444,BRN,Brunei,Asia,SEAS,Asia,66
445,BRN,Brunei,Asia,SEAS,Asia,66
446,BRN,Brunei,Asia,SEAS,Asia,66
447,BRN,Brunei,Asia,SEAS,Asia,66
448,JPN,Japan,Asia,JAP,Asia,67
449,JPN,Japan,Asia,JAP,Asia,67
450,JPN,Japan,Asia,JAP,Asia,67
451,JPN,Japan,Asia,JAP,Asia,67
452,JPN,Japan,Asia,JAP,Asia,67
453,JPN,Japan,Asia,JAP,Asia,67
454,JPN,Japan,Asia,JAP,Asia,67
455,KOR,South Korea,Asia,KOR,Asia,68
456,KOR,South Korea,Asia,KOR,Asia,68
457,KOR,South Korea,Asia,KOR,Asia,68
458,KOR,South Korea,Asia,KOR,Asia,68
459,KOR,South Korea,Asia,KOR,Asia,68
460,KOR,South Korea,Asia,KOR,Asia,68
461,KOR,South Korea,Asia,KOR,Asia,68
462,SGP,Singapore,Asia,SEAS,Asia,69
463,SGP,Singapore,Asia,SEAS,Asia,69
464,SGP,Singapore,Asia,SEAS,Asia,69
465,SGP,Singapore,Asia,SEAS,Asia,69
466,SGP,Singapore,Asia,SEAS,Asia,69
467,SGP,Singapore,Asia,SEAS,Asia,69
468,SGP,Singapore,Asia,SEAS,Asia,69
469,ISR,Israel,Asia,ME,Asia,85
470,ISR,Israel,Asia,ME,Asia,85
471,ISR,Israel,Asia,ME,Asia,85
472,ISR,Israel,Asia,ME,Asia,85
473,ISR,Israel,Asia,ME,Asia,85
474,ISR,Israel,Asia,ME,Asia,85
475,AFG,Afghanistan,Asia,RSAS,Asia,160
476,AFG,Afghanistan,Asia,RSAS,Asia,160
477,AFG,Afghanistan,Asia,RSAS,Asia,160
478,AFG,Afghanistan,Asia,RSAS,Asia,160
479,AFG,Afghanistan,Asia,RSAS,Asia,160
480,AFG,Afghanistan,Asia,RSAS,Asia,160
481,BHR,Bahrain,Asia,ME,Asia,140
482,BHR,Bahrain,Asia,ME,Asia,140
483,BHR,Bahrain,Asia,ME,Asia,140
484,BHR,Bahrain,Asia,ME,Asia,140
485,BHR,Bahrain,Asia,ME,Asia,140
486,BHR,Bahrain,Asia,ME,Asia,140
487,BHR,Bahrain,Asia,ME,Asia,140
488,BHR,Bahrain,Asia,ME,Asia,140
489,IRN,Iran,Asia,ME,Asia,142
490,IRN,Iran,Asia,ME,Asia,142
491,IRN,Iran,Asia,ME,Asia,142
492,IRN,Iran,Asia,ME,Asia,142
493,IRN,Iran,Asia,ME,Asia,142
494,IRN,Iran,Asia,ME,Asia,142
495,IRQ,Iraq,Asia,ME,Asia,143
496,IRQ,Iraq,Asia,ME,Asia,143
497,IRQ,Iraq,Asia,ME,Asia,143
498,IRQ,Iraq,Asia,ME,Asia,143
499,IRQ,Iraq,Asia,ME,Asia,143
500,IRQ,Iraq,Asia,ME,Asia,143
501,IRQ,Iraq,Asia,ME,Asia,143
502,JOR,Jordan,Asia,ME,Asia,144
503,JOR,Jordan,Asia,ME,Asia,144
504,JOR,Jordan,Asia,ME,Asia,144
505,JOR,Jordan,Asia,ME,Asia,144
506,JOR,Jordan,Asia,ME,Asia,144
507,JOR,Jordan,Asia,ME,Asia,144
508,JOR,Jordan,Asia,ME,Asia,144
509,KWT,Kuwait,Asia,ME,Asia,145
510,KWT,Kuwait,Asia,ME,Asia,145
511,KWT,Kuwait,Asia,ME,Asia,145
512,KWT,Kuwait,Asia,ME,Asia,145
513,KWT,Kuwait,Asia,ME,Asia,145
514,KWT,Kuwait,Asia,ME,Asia,145
515,KWT,Kuwait,Asia,ME,Asia,145
516,KWT,Kuwait,Asia,ME,Asia,145
517,LBN,Lebanon,Asia,ME,Asia,146
518,LBN,Lebanon,Asia,ME,Asia,146
519,LBN,Lebanon,Asia,ME,Asia,146
520,LBN,Lebanon,Asia,ME,Asia,146
521,LBN,Lebanon,Asia,ME,Asia,146
522,LBN,Lebanon,Asia,ME,Asia,146
523,LBN,Lebanon,Asia,ME,Asia,146
524,OMN,Oman,Asia,ME,Asia,150
525,OMN,Oman,Asia,ME,Asia,150
526,OMN,Oman,Asia,ME,Asia,150
527,OMN,Oman,Asia,ME,Asia,150
528,OMN,Oman,Asia,ME,Asia,150
529,OMN,Oman,Asia,ME,Asia,150
530,OMN,Oman,Asia,ME,Asia,150
531,OMN,Oman,Asia,ME,Asia,150
532,PSE,Palestine,Asia,ME,Asia,149
533,PSE,Palestine,Asia,ME,Asia,149
534,PSE,Palestine,Asia,ME,Asia,149
535,PSE,Palestine,Asia,ME,Asia,149
536,PSE,Palestine,Asia,ME,Asia,149
537,PSE,Palestine,Asia,ME,Asia,149
538,PSE,Palestine,Asia,ME,Asia,149
539,QAT,Qatar,Asia,ME,Asia,151
540,QAT,Qatar,Asia,ME,Asia,151
541,QAT,Qatar,Asia,ME,Asia,151
542,QAT,Qatar,Asia,ME,Asia,151
543,QAT,Qatar,Asia,ME,Asia,151
544,QAT,Qatar,Asia,ME,Asia,151
545,QAT,Qatar,Asia,ME,Asia,151
546,QAT,Qatar,Asia,ME,Asia,151
547,SAU,Saudi Arabia,Asia,ME,Asia,152
548,SAU,Saudi Arabia,Asia,ME,Asia,152
549,SAU,Saudi Arabia,Asia,ME,Asia,152
550,SAU,Saudi Arabia,Asia,ME,Asia,152
551,SAU,Saudi Arabia,Asia,ME,Asia,152
552,SAU,Saudi Arabia,Asia,ME,Asia,152
553,SAU,Saudi Arabia,Asia,ME,Asia,152
554,SAU,Saudi Arabia,Asia,ME,Asia,152
555,SAU,Saudi Arabia,Asia,ME,Asia,152
556,SYR,Syria,Asia,ME,Asia,153
557,SYR,Syria,Asia,ME,Asia,153
558,SYR,Syria,Asia,ME,Asia,153
559,SYR,Syria,Asia,ME,Asia,153
560,SYR,Syria,Asia,ME,Asia,153
561,SYR,Syria,Asia,ME,Asia,153
562,SYR,Syria,Asia,ME,Asia,153
563,TUR,Turkey,Asia,TUR,Asia,155
564,ARE,United Arab Emirates,Asia,ME,Asia,156
565,ARE,United Arab Emirates,Asia,ME,Asia,156
566,ARE,United Arab Emirates,Asia,ME,Asia,156
567,ARE,United Arab Emirates,Asia,ME,Asia,156
568,ARE,United Arab Emirates,Asia,ME,Asia,156
569,ARE,United Arab Emirates,Asia,ME,Asia,156
570,ARE,United Arab Emirates,Asia,ME,Asia,156
571,ARE,United Arab Emirates,Asia,ME,Asia,156
572,YEM,Yemen,Asia,ME,Asia,157
573,YEM,Yemen,Asia,ME,Asia,157
574,YEM,Yemen,Asia,ME,Asia,157
575,YEM,Yemen,Asia,ME,Asia,157
576,YEM,Yemen,Asia,ME,Asia,157
577,YEM,Yemen,Asia,ME,Asia,157
578,YEM,Yemen,Asia,ME,Asia,157
579,BGD,Bangladesh,Asia,RSAS,Asia,161
580,BGD,Bangladesh,Asia,RSAS,Asia,161
581,BGD,Bangladesh,Asia,RSAS,Asia,161
582,BGD,Bangladesh,Asia,RSAS,Asia,161
583,BGD,Bangladesh,Asia,RSAS,Asia,161
584,BGD,Bangladesh,Asia,RSAS,Asia,161
585,BGD,Bangladesh,Asia,RSAS,Asia,161
586,BTN,Bhutan,Asia,RSAS,Asia,162
587,BTN,Bhutan,Asia,RSAS,Asia,162
588,BTN,Bhutan,Asia,RSAS,Asia,162
589,BTN,Bhutan,Asia,RSAS,Asia,162
590,BTN,Bhutan,Asia,RSAS,Asia,162
591,IND,India,Asia,INDIA,Asia,163
592,IND,India,Asia,INDIA,Asia,163
593,IND,India,Asia,INDIA,Asia,163
594,IND,India,Asia,INDIA,Asia,163
595,IND,India,Asia,INDIA,Asia,163
596,IND,India,Asia,INDIA,Asia,163
597,IND,India,Asia,INDIA,Asia,163
598,NPL,Nepal,Asia,RSAS,Asia,164
599,NPL,Nepal,Asia,RSAS,Asia,164
600,NPL,Nepal,Asia,RSAS,Asia,164
601,NPL,Nepal,Asia,RSAS,Asia,164
602,NPL,Nepal,Asia,RSAS,Asia,164
603,PAK,Pakistan,Asia,RSAS,Asia,165
604,PAK,Pakistan,Asia,RSAS,Asia,165
605,PAK,Pakistan,Asia,RSAS,Asia,165
606,PAK,Pakistan,Asia,RSAS,Asia,165
607,PAK,Pakistan,Asia,RSAS,Asia,165
608,PAK,Pakistan,Asia,RSAS,Asia,165
609,PAK,Pakistan,Asia,RSAS,Asia,165
610,CHN,China,Asia,CHN,Asia,6
611,CHN,China,Asia,CHN,Asia,6
612,CHN,China,Asia,CHN,Asia,6
613,CHN,China,Asia,CHN,Asia,6
614,CHN,China,Asia,CHN,Asia,6
615,CHN,China,Asia,CHN,Asia,6
616,PRK,North Korea,Asia,KOR,Asia,7
617,PRK,North Korea,Asia,KOR,Asia,7
618,PRK,North Korea,Asia,KOR,Asia,7
619,PRK,North Korea,Asia,KOR,Asia,7
620,PRK,North Korea,Asia,KOR,Asia,7
621,TWN,Taiwan (Province of China),Asia,CHN,Asia,8
622,TWN,Taiwan (Province of China),Asia,CHN,Asia,8
623,TWN,Taiwan (Province of China),Asia,CHN,Asia,8
624,TWN,Taiwan (Province of China),Asia,CHN,Asia,8
625,KHM,Cambodia,Asia,SEAS,Asia,10
626,KHM,Cambodia,Asia,SEAS,Asia,10
627,KHM,Cambodia,Asia,SEAS,Asia,10
628,KHM,Cambodia,Asia,SEAS,Asia,10
629,KHM,Cambodia,Asia,SEAS,Asia,10
630,KHM,Cambodia,Asia,SEAS,Asia,10
631,IDN,Indonesia,Asia,INDO,Asia,11
632,IDN,Indonesia,Asia,INDO,Asia,11
633,IDN,Indonesia,Asia,INDO,Asia,11
634,IDN,Indonesia,Asia,INDO,Asia,11
635,IDN,Indonesia,Asia,INDO,Asia,11
636,IDN,Indonesia,Asia,INDO,Asia,11
637,IDN,Indonesia,Asia,INDO,Asia,11
638,IDN,Indonesia,Asia,INDO,Asia,11
639,LAO,Laos,Asia,SEAS,Asia,12
640,LAO,Laos,Asia,SEAS,Asia,12
641,LAO,Laos,Asia,SEAS,Asia,12
642,LAO,Laos,Asia,SEAS,Asia,12
643,LAO,Laos,Asia,SEAS,Asia,12
644,LAO,Laos,Asia,SEAS,Asia,12
645,MYS,Malaysia,Asia,SEAS,Asia,13
646,MYS,Malaysia,Asia,SEAS,Asia,13
647,MYS,Malaysia,Asia,SEAS,Asia,13
648,MYS,Malaysia,Asia,SEAS,Asia,13
649,MYS,Malaysia,Asia,SEAS,Asia,13
650,MYS,Malaysia,Asia,SEAS,Asia,13
651,MYS,Malaysia,Asia,SEAS,Asia,13
652,MYS,Malaysia,Asia,SEAS,Asia,13
653,MDV,Maldives,Asia,RSAS,Asia,14
654,MDV,Maldives,Asia,RSAS,Asia,14
655,MDV,Maldives,Asia,RSAS,Asia,14
656,MDV,Maldives,Asia,RSAS,Asia,14
657,MDV,Maldives,Asia,RSAS,Asia,14
658,MDV,Maldives,Asia,RSAS,Asia,14
659,MDV,Maldives,Asia,RSAS,Asia,14
660,MMR,Myanmar,Asia,SEAS,Asia,15
661,MMR,Myanmar,Asia,SEAS,Asia,15
662,MMR,Myanmar,Asia,SEAS,Asia,15
663,MMR,Myanmar,Asia,SEAS,Asia,15
664,MMR,Myanmar,Asia,SEAS,Asia,15
665,MMR,Myanmar,Asia,SEAS,Asia,15
666,PHL,Philippines,Asia,SEAS,Asia,16
667,PHL,Philippines,Asia,SEAS,Asia,16
668,PHL,Philippines,Asia,SEAS,Asia,16
669,PHL,Philippines,Asia,SEAS,Asia,16
670,PHL,Philippines,Asia,SEAS,Asia,16
671,PHL,Philippines,Asia,SEAS,Asia,16
672,LKA,Sri Lanka,Asia,RSAS,Asia,17
673,LKA,Sri Lanka,Asia,RSAS,Asia,17
674,LKA,Sri Lanka,Asia,RSAS,Asia,17
675,LKA,Sri Lanka,Asia,RSAS,Asia,17
676,LKA,Sri Lanka,Asia,RSAS,Asia,17
677,LKA,Sri Lanka,Asia,RSAS,Asia,17
678,THA,Thailand,Asia,SEAS,Asia,18
679,THA,Thailand,Asia,SEAS,Asia,18
680,THA,Thailand,Asia,SEAS,Asia,18
681,THA,Thailand,Asia,SEAS,Asia,18
682,THA,Thailand,Asia,SEAS,Asia,18
683,THA,Thailand,Asia,SEAS,Asia,18
684,TLS,Timor-Leste,Asia,INDO,Asia,19
685,TLS,Timor-Leste,Asia,INDO,Asia,19
686,TLS,Timor-Leste,Asia,INDO,Asia,19
687,TLS,Timor-Leste,Asia,INDO,Asia,19
688,TLS,Timor-Leste,Asia,INDO,Asia,19
689,VNM,Vietnam,Asia,SEAS,Asia,20
690,VNM,Vietnam,Asia,SEAS,Asia,20
691,VNM,Vietnam,Asia,SEAS,Asia,20
692,VNM,Vietnam,Asia,SEAS,Asia,20
693,VNM,Vietnam,Asia,SEAS,Asia,20
694,VNM,Vietnam,Asia,SEAS,Asia,20
695,ALB,Albania,Europe,CEU,Europe,43
696,ALB,Albania,Europe,CEU,Europe,43
697,ALB,Albania,Europe,CEU,Europe,43
698,ALB,Albania,Europe,CEU,Europe,43
699,ALB,Albania,Europe,CEU,Europe,43
700,ALB,Albania,Europe,CEU,Europe,43
701,BIH,Bosnia and Herzegovina,Europe,CEU,Europe,44
702,BIH,Bosnia and Herzegovina,Europe,CEU,Europe,44
703,BIH,Bosnia and Herzegovina,Europe,CEU,Europe,44
704,BIH,Bosnia and Herzegovina,Europe,CEU,Europe,44
705,BIH,Bosnia and Herzegovina,Europe,CEU,Europe,44
706,BGR,Bulgaria,Europe,CEU,Europe,45
707,BGR,Bulgaria,Europe,CEU,Europe,45
708,BGR,Bulgaria,Europe,CEU,Europe,45
709,BGR,Bulgaria,Europe,CEU,Europe,45
710,BGR,Bulgaria,Europe,CEU,Europe,45
711,BGR,Bulgaria,Europe,CEU,Europe,45
712,BGR,Bulgaria,Europe,CEU,Europe,45
713,HRV,Croatia,Europe,CEU,Europe,46
714,HRV,Croatia,Europe,CEU,Europe,46
715,HRV,Croatia,Europe,CEU,Europe,46
716,HRV,Croatia,Europe,CEU,Europe,46
717,HRV,Croatia,Europe,CEU,Europe,46
718,HRV,Croatia,Europe,CEU,Europe,46
719,HRV,Croatia,Europe,CEU,Europe,46
720,CZE,Czech Republic,Europe,CEU,Europe,47
721,CZE,Czech Republic,Europe,CEU,Europe,47
722,CZE,Czech Republic,Europe,CEU,Europe,47
723,CZE,Czech Republic,Europe,CEU,Europe,47
724,CZE,Czech Republic,Europe,CEU,Europe,47
725,CZE,Czech Republic,Europe,CEU,Europe,47
726,CZE,Czech Republic,Europe,CEU,Europe,47
727,CZE,Czech Republic,Europe,CEU,Europe,47
728,HUN,Hungary,Europe,CEU,Europe,48
729,HUN,Hungary,Europe,CEU,Europe,48
730,HUN,Hungary,Europe,CEU,Europe,48
731,HUN,Hungary,Europe,CEU,Europe,48
732,HUN,Hungary,Europe,CEU,Europe,48
733,HUN,Hungary,Europe,CEU,Europe,48
734,HUN,Hungary,Europe,CEU,Europe,48
735,HUN,Hungary,Europe,CEU,Europe,48
736,MNE,Montenegro,Europe,CEU,Europe,50
737,MNE,Montenegro,Europe,CEU,Europe,50
738,MNE,Montenegro,Europe,CEU,Europe,50
739,MNE,Montenegro,Europe,CEU,Europe,50
740,MNE,Montenegro,Europe,CEU,Europe,50
741,MKD,Macedonia,Europe,CEU,Europe,49
742,MKD,Macedonia,Europe,CEU,Europe,49
743,MKD,Macedonia,Europe,CEU,Europe,49
744,MKD,Macedonia,Europe,CEU,Europe,49
745,MKD,Macedonia,Europe,CEU,Europe,49
746,POL,Poland,Europe,CEU,Europe,51
747,POL,Poland,Europe,CEU,Europe,51
748,POL,Poland,Europe,CEU,Europe,51
749,POL,Poland,Europe,CEU,Europe,51
750,POL,Poland,Europe,CEU,Europe,51
751,POL,Poland,Europe,CEU,Europe,51
752,POL,Poland,Europe,CEU,Europe,51
753,POL,Poland,Europe,CEU,Europe,51
754,ROU,Romania,Europe,CEU,Europe,52
755,ROU,Romania,Europe,CEU,Europe,52
756,ROU,Romania,Europe,CEU,Europe,52
757,ROU,Romania,Europe,CEU,Europe,52
758,ROU,Romania,Europe,CEU,Europe,52
759,ROU,Romania,Europe,CEU,Europe,52
760,ROU,Romania,Europe,CEU,Europe,52
761,SRB,Serbia,Europe,CEU,Europe,53
762,SRB,Serbia,Europe,CEU,Europe,53
763,SRB,Serbia,Europe,CEU,Europe,53
764,SRB,Serbia,Europe,CEU,Europe,53
765,SRB,Serbia,Europe,CEU,Europe,53
766,SVK,Slovakia,Europe,CEU,Europe,54
767,SVK,Slovakia,Europe,CEU,Europe,54
768,SVK,Slovakia,Europe,CEU,Europe,54
769,SVK,Slovakia,Europe,CEU,Europe,54
770,SVK,Slovakia,Europe,CEU,Europe,54
771,SVK,Slovakia,Europe,CEU,Europe,54
772,SVK,Slovakia,Europe,CEU,Europe,54
773,SVK,Slovakia,Europe,CEU,Europe,54
774,SVN,Slovenia,Europe,CEU,Europe,55
775,SVN,Slovenia,Europe,CEU,Europe,55
776,SVN,Slovenia,Europe,CEU,Europe,55
777,SVN,Slovenia,Europe,CEU,Europe,55
778,SVN,Slovenia,Europe,CEU,Europe,55
779,SVN,Slovenia,Europe,CEU,Europe,55
780,SVN,Slovenia,Europe,CEU,Europe,55
781,SVN,Slovenia,Europe,CEU,Europe,55
782,BLR,Belarus,Europe,UKR,Europe,57
783,BLR,Belarus,Europe,UKR,Europe,57
784,BLR,Belarus,Europe,UKR,Europe,57
785,BLR,Belarus,Europe,UKR,Europe,57
786,BLR,Belarus,Europe,UKR,Europe,57
787,EST,Estonia,Europe,CEU,Europe,58
788,EST,Estonia,Europe,CEU,Europe,58
789,EST,Estonia,Europe,CEU,Europe,58
790,EST,Estonia,Europe,CEU,Europe,58
791,EST,Estonia,Europe,CEU,Europe,58
792,EST,Estonia,Europe,CEU,Europe,58
793,EST,Estonia,Europe,CEU,Europe,58
794,EST,Estonia,Europe,CEU,Europe,58
795,LVA,Latvia,Europe,CEU,Europe,59
796,LVA,Latvia,Europe,CEU,Europe,59
797,LVA,Latvia,Europe,CEU,Europe,59
798,LVA,Latvia,Europe,CEU,Europe,59
799,LVA,Latvia,Europe,CEU,Europe,59
800,LVA,Latvia,Europe,CEU,Europe,59
801,LVA,Latvia,Europe,CEU,Europe,59
802,LVA,Latvia,Europe,CEU,Europe,59
803,LTU,Lithuania,Europe,CEU,Europe,60
804,LTU,Lithuania,Europe,CEU,Europe,60
805,LTU,Lithuania,Europe,CEU,Europe,60
806,LTU,Lithuania,Europe,CEU,Europe,60
807,LTU,Lithuania,Europe,CEU,Europe,60
808,LTU,Lithuania,Europe,CEU,Europe,60
809,LTU,Lithuania,Europe,CEU,Europe,60
810,LTU,Lithuania,Europe,CEU,Europe,60
811,MDA,Moldova,Europe,UKR,Europe,61
812,MDA,Moldova,Europe,UKR,Europe,61
813,MDA,Moldova,Europe,UKR,Europe,61
814,MDA,Moldova,Europe,UKR,Europe,61
815,MDA,Moldova,Europe,UKR,Europe,61
816,RUS,Russian Federation,Europe,RUS,Europe,62
817,RUS,Russian Federation,Europe,RUS,Europe,62
818,RUS,Russian Federation,Europe,RUS,Europe,62
819,RUS,Russian Federation,Europe,RUS,Europe,62
820,RUS,Russian Federation,Europe,RUS,Europe,62
821,RUS,Russian Federation,Europe,RUS,Europe,62
822,UKR,Ukraine,Europe,UKR,Europe,63
823,UKR,Ukraine,Europe,UKR,Europe,63
824,UKR,Ukraine,Europe,UKR,Europe,63
825,UKR,Ukraine,Europe,UKR,Europe,63
826,UKR,Ukraine,Europe,UKR,Europe,63
827,AND,Andorra,Europe,WEU,Europe,74
828,AND,Andorra,Europe,WEU,Europe,74
829,AND,Andorra,Europe,WEU,Europe,74
830,AND,Andorra,Europe,WEU,Europe,74
831,AND,Andorra,Europe,WEU,Europe,74
832,AUT,Austria,Europe,WEU,Europe,75
833,AUT,Austria,Europe,WEU,Europe,75
834,AUT,Austria,Europe,WEU,Europe,75
835,AUT,Austria,Europe,WEU,Europe,75
836,AUT,Austria,Europe,WEU,Europe,75
837,AUT,Austria,Europe,WEU,Europe,75
838,AUT,Austria,Europe,WEU,Europe,75
839,AUT,Austria,Europe,WEU,Europe,75
840,BEL,Belgium,Europe,WEU,Europe,76
841,BEL,Belgium,Europe,WEU,Europe,76
842,BEL,Belgium,Europe,WEU,Europe,76
843,BEL,Belgium,Europe,WEU,Europe,76
844,BEL,Belgium,Europe,WEU,Europe,76
845,BEL,Belgium,Europe,WEU,Europe,76
846,BEL,Belgium,Europe,WEU,Europe,76
847,BEL,Belgium,Europe,WEU,Europe,76
848,CYP,Cyprus,Europe,CEU,Europe,77
849,CYP,Cyprus,Europe,CEU,Europe,77
850,CYP,Cyprus,Europe,CEU,Europe,77
851,CYP,Cyprus,Europe,CEU,Europe,77
852,CYP,Cyprus,Europe,CEU,Europe,77
853,CYP,Cyprus,Europe,CEU,Europe,77
854,CYP,Cyprus,Europe,CEU,Europe,77
855,CYP,Cyprus,Europe,CEU,Europe,77
856,DNK,Denmark,Europe,WEU,Europe,78
857,DNK,Denmark,Europe,WEU,Europe,78
858,DNK,Denmark,Europe,WEU,Europe,78
859,DNK,Denmark,Europe,WEU,Europe,78
860,DNK,Denmark,Europe,WEU,Europe,78
861,DNK,Denmark,Europe,WEU,Europe,78
862,DNK,Denmark,Europe,WEU,Europe,78
863,DNK,Denmark,Europe,WEU,Europe,78
864,DNK,Denmark,Europe,WEU,Europe,78
865,FIN,Finland,Europe,WEU,Europe,79
866,FIN,Finland,Europe,WEU,Europe,79
867,FIN,Finland,Europe,WEU,Europe,79
868,FIN,Finland,Europe,WEU,Europe,79
869,FIN,Finland,Europe,WEU,Europe,79
870,FIN,Finland,Europe,WEU,Europe,79
871,FIN,Finland,Europe,WEU,Europe,79
872,FIN,Finland,Europe,WEU,Europe,79
873,FIN,Finland,Europe,WEU,Europe,79
874,FRA,France,Europe,WEU,Europe,80
875,FRA,France,Europe,WEU,Europe,80
876,FRA,France,Europe,WEU,Europe,80
877,FRA,France,Europe,WEU,Europe,80
878,FRA,France,Europe,WEU,Europe,80
879,FRA,France,Europe,WEU,Europe,80
880,FRA,France,Europe,WEU,Europe,80
881,FRA,France,Europe,WEU,Europe,80
882,DEU,Germany,Europe,WEU,Europe,81
883,DEU,Germany,Europe,WEU,Europe,81
884,DEU,Germany,Europe,WEU,Europe,81
885,DEU,Germany,Europe,WEU,Europe,81
886,DEU,Germany,Europe,WEU,Europe,81
887,DEU,Germany,Europe,WEU,Europe,81
888,DEU,Germany,Europe,WEU,Europe,81
889,DEU,Germany,Europe,WEU,Europe,81
890,GRC,Greece,Europe,WEU,Europe,82
891,GRC,Greece,Europe,WEU,Europe,82
892,GRC,Greece,Europe,WEU,Europe,82
893,GRC,Greece,Europe,WEU,Europe,82
894,GRC,Greece,Europe,WEU,Europe,82
895,GRC,Greece,Europe,WEU,Europe,82
896,GRC,Greece,Europe,WEU,Europe,82
897,GRC,Greece,Europe,WEU,Europe,82
898,ISL,Iceland,Europe,WEU,Europe,83
899,ISL,Iceland,Europe,WEU,Europe,83
900,ISL,Iceland,Europe,WEU,Europe,83
901,ISL,Iceland,Europe,WEU,Europe,83
902,ISL,Iceland,Europe,WEU,Europe,83
903,ISL,Iceland,Europe,WEU,Europe,83
904,ISL,Iceland,Europe,WEU,Europe,83
905,IRL,Ireland,Europe,WEU,Europe,84
906,IRL,Ireland,Europe,WEU,Europe,84
907,IRL,Ireland,Europe,WEU,Europe,84
908,IRL,Ireland,Europe,WEU,Europe,84
909,IRL,Ireland,Europe,WEU,Europe,84
910,IRL,Ireland,Europe,WEU,Europe,84
911,IRL,Ireland,Europe,WEU,Europe,84
912,IRL,Ireland,Europe,WEU,Europe,84
913,ITA,Italy,Europe,WEU,Europe,86
914,ITA,Italy,Europe,WEU,Europe,86
915,ITA,Italy,Europe,WEU,Europe,86
916,ITA,Italy,Europe,WEU,Europe,86
917,ITA,Italy,Europe,WEU,Europe,86
918,ITA,Italy,Europe,WEU,Europe,86
919,ITA,Italy,Europe,WEU,Europe,86
920,ITA,Italy,Europe,WEU,Europe,86
921,LUX,Luxembourg,Europe,WEU,Europe,87
922,LUX,Luxembourg,Europe,WEU,Europe,87
923,LUX,Luxembourg,Europe,WEU,Europe,87
924,LUX,Luxembourg,Europe,WEU,Europe,87
925,LUX,Luxembourg,Europe,WEU,Europe,87
926,LUX,Luxembourg,Europe,WEU,Europe,87
927,LUX,Luxembourg,Europe,WEU,Europe,87
928,LUX,Luxembourg,Europe,WEU,Europe,87
929,MLT,Malta,Europe,CEU,Europe,88
930,MLT,Malta,Europe,CEU,Europe,88
931,MLT,Malta,Europe,CEU,Europe,88
932,MLT,Malta,Europe,CEU,Europe,88
933,MLT,Malta,Europe,CEU,Europe,88
934,MLT,Malta,Europe,CEU,Europe,88
935,MLT,Malta,Europe,CEU,Europe,88
936,MLT,Malta,Europe,CEU,Europe,88
937,MCO,Monaco,Europe,WEU,Europe,367
938,MCO,Monaco,Europe,WEU,Europe,367
939,MCO,Monaco,Europe,WEU,Europe,367
940,MCO,Monaco,Europe,WEU,Europe,367
941,MCO,Monaco,Europe,WEU,Europe,367
942,NLD,Netherlands,Europe,WEU,Europe,89
943,NLD,Netherlands,Europe,WEU,Europe,89
944,NLD,Netherlands,Europe,WEU,Europe,89
945,NLD,Netherlands,Europe,WEU,Europe,89
946,NLD,Netherlands,Europe,WEU,Europe,89
947,NLD,Netherlands,Europe,WEU,Europe,89
948,NLD,Netherlands,Europe,WEU,Europe,89
949,NLD,Netherlands,Europe,WEU,Europe,89
950,NOR,Norway,Europe,WEU,Europe,90
951,NOR,Norway,Europe,WEU,Europe,90
952,NOR,Norway,Europe,WEU,Europe,90
953,NOR,Norway,Europe,WEU,Europe,90
954,NOR,Norway,Europe,WEU,Europe,90
955,NOR,Norway,Europe,WEU,Europe,90
956,NOR,Norway,Europe,WEU,Europe,90
957,PRT,Portugal,Europe,WEU,Europe,91
958,PRT,Portugal,Europe,WEU,Europe,91
959,PRT,Portugal,Europe,WEU,Europe,91
960,PRT,Portugal,Europe,WEU,Europe,91
961,PRT,Portugal,Europe,WEU,Europe,91
962,PRT,Portugal,Europe,WEU,Europe,91
963,PRT,Portugal,Europe,WEU,Europe,91
964,PRT,Portugal,Europe,WEU,Europe,91
965,SMR,San Marino,Europe,WEU,Europe,396
966,SMR,San Marino,Europe,WEU,Europe,396
967,SMR,San Marino,Europe,WEU,Europe,396
968,SMR,San Marino,Europe,WEU,Europe,396
969,SMR,San Marino,Europe,WEU,Europe,396
970,ESP,Spain,Europe,WEU,Europe,92
971,ESP,Spain,Europe,WEU,Europe,92
972,ESP,Spain,Europe,WEU,Europe,92
973,ESP,Spain,Europe,WEU,Europe,92
974,ESP,Spain,Europe,WEU,Europe,92
975,ESP,Spain,Europe,WEU,Europe,92
976,ESP,Spain,Europe,WEU,Europe,92
977,ESP,Spain,Europe,WEU,Europe,92
978,SWE,Sweden,Europe,WEU,Europe,93
979,SWE,Sweden,Europe,WEU,Europe,93
980,SWE,Sweden,Europe,WEU,Europe,93
981,SWE,Sweden,Europe,WEU,Europe,93
982,SWE,Sweden,Europe,WEU,Europe,93
983,SWE,Sweden,Europe,WEU,Europe,93
984,SWE,Sweden,Europe,WEU,Europe,93
985,SWE,Sweden,Europe,WEU,Europe,93
986,SWE,Sweden,Europe,WEU,Europe,93
987,CHE,Switzerland,Europe,WEU,Europe,94
988,CHE,Switzerland,Europe,WEU,Europe,94
989,CHE,Switzerland,Europe,WEU,Europe,94
990,CHE,Switzerland,Europe,WEU,Europe,94
991,CHE,Switzerland,Europe,WEU,Europe,94
992,CHE,Switzerland,Europe,WEU,Europe,94
993,GBR,United Kingdom,Europe,WEU,Europe,95
994,GBR,United Kingdom,Europe,WEU,Europe,95
995,GBR,United Kingdom,Europe,WEU,Europe,95
996,GBR,United Kingdom,Europe,WEU,Europe,95
997,GBR,United Kingdom,Europe,WEU,Europe,95
998,GBR,United Kingdom,Europe,WEU,Europe,95
999,GBR,United Kingdom,Europe,WEU,Europe,95
1000,GBR,United Kingdom,Europe,WEU,Europe,95
1001,ARG,Argentina,Latin America and the Caribbean,RSAM,America,97
1002,ARG,Argentina,Latin America and the Caribbean,RSAM,America,97
1003,ARG,Argentina,Latin America and the Caribbean,RSAM,America,97
1004,ARG,Argentina,Latin America and the Caribbean,RSAM,America,97
1005,ARG,Argentina,Latin America and the Caribbean,RSAM,America,97
1006,ARG,Argentina,Latin America and the Caribbean,RSAM,America,97
1007,CHL,Chile,Latin America and the Caribbean,RSAM,America,98
1008,CHL,Chile,Latin America and the Caribbean,RSAM,America,98
1009,CHL,Chile,Latin America and the Caribbean,RSAM,America,98
1010,CHL,Chile,Latin America and the Caribbean,RSAM,America,98
1011,CHL,Chile,Latin America and the Caribbean,RSAM,America,98
1012,CHL,Chile,Latin America and the Caribbean,RSAM,America,98
1013,URY,Uruguay,Latin America and the Caribbean,RSAM,America,99
1014,URY,Uruguay,Latin America and the Caribbean,RSAM,America,99
1015,URY,Uruguay,Latin America and the Caribbean,RSAM,America,99
1016,URY,Uruguay,Latin America and the Caribbean,RSAM,America,99
1017,URY,Uruguay,Latin America and the Caribbean,RSAM,America,99
1018,BOL,Bolivia,Latin America and the Caribbean,RSAM,America,121
1019,BOL,Bolivia,Latin America and the Caribbean,RSAM,America,121
1020,BOL,Bolivia,Latin America and the Caribbean,RSAM,America,121
1021,BOL,Bolivia,Latin America and the Caribbean,RSAM,America,121
1022,BOL,Bolivia,Latin America and the Caribbean,RSAM,America,121
1023,ECU,Ecuador,Latin America and the Caribbean,RSAM,America,122
1024,ECU,Ecuador,Latin America and the Caribbean,RSAM,America,122
1025,ECU,Ecuador,Latin America and the Caribbean,RSAM,America,122
1026,ECU,Ecuador,Latin America and the Caribbean,RSAM,America,122
1027,ECU,Ecuador,Latin America and the Caribbean,RSAM,America,122
1028,PER,Peru,Latin America and the Caribbean,RSAM,America,123
1029,PER,Peru,Latin America and the Caribbean,RSAM,America,123
1030,PER,Peru,Latin America and the Caribbean,RSAM,America,123
1031,PER,Peru,Latin America and the Caribbean,RSAM,America,123
1032,PER,Peru,Latin America and the Caribbean,RSAM,America,123
1033,ATG,Antigua and Barbuda,Latin America and the Caribbean,RCAM,America,105
1034,ATG,Antigua and Barbuda,Latin America and the Caribbean,RCAM,America,105
1035,ATG,Antigua and Barbuda,Latin America and the Caribbean,RCAM,America,105
1036,ATG,Antigua and Barbuda,Latin America and the Caribbean,RCAM,America,105
1037,ATG,Antigua and Barbuda,Latin America and the Caribbean,RCAM,America,105
1038,ATG,Antigua and Barbuda,Latin America and the Caribbean,RCAM,America,105
1039,BHS,The Bahamas,Latin America and the Caribbean,RCAM,America,106
1040,BHS,The Bahamas,Latin America and the Caribbean,RCAM,America,106
1041,BHS,The Bahamas,Latin America and the Caribbean,RCAM,America,106
1042,BHS,The Bahamas,Latin America and the Caribbean,RCAM,America,106
1043,BHS,The Bahamas,Latin America and the Caribbean,RCAM,America,106
1044,BHS,The Bahamas,Latin America and the Caribbean,RCAM,America,106
1045,BRB,Barbados,Latin America and the Caribbean,RCAM,America,107
1046,BRB,Barbados,Latin America and the Caribbean,RCAM,America,107
1047,BRB,Barbados,Latin America and the Caribbean,RCAM,America,107
1048,BRB,Barbados,Latin America and the Caribbean,RCAM,America,107
1049,BRB,Barbados,Latin America and the Caribbean,RCAM,America,107
1050,BRB,Barbados,Latin America and the Caribbean,RCAM,America,107
1051,BLZ,Belize,Latin America and the Caribbean,RCAM,America,108
1052,BLZ,Belize,Latin America and the Caribbean,RCAM,America,108
1053,BLZ,Belize,Latin America and the Caribbean,RCAM,America,108
1054,BLZ,Belize,Latin America and the Caribbean,RCAM,America,108
1055,BLZ,Belize,Latin America and the Caribbean,RCAM,America,108
1056,BLZ,Belize,Latin America and the Caribbean,RCAM,America,108
1057,CUB,Cuba,Latin America and the Caribbean,RCAM,America,109
1058,CUB,Cuba,Latin America and the Caribbean,RCAM,America,109
1059,CUB,Cuba,Latin America and the Caribbean,RCAM,America,109
1060,CUB,Cuba,Latin America and the Caribbean,RCAM,America,109
1061,CUB,Cuba,Latin America and the Caribbean,RCAM,America,109
1062,DMA,Dominica,Latin America and the Caribbean,RCAM,America,110
1063,DMA,Dominica,Latin America and the Caribbean,RCAM,America,110
1064,DMA,Dominica,Latin America and the Caribbean,RCAM,America,110
1065,DMA,Dominica,Latin America and the Caribbean,RCAM,America,110
1066,DMA,Dominica,Latin America and the Caribbean,RCAM,America,110
1067,DMA,Dominica,Latin America and the Caribbean,RCAM,America,110
1068,DOM,Dominican Republic,Latin America and the Caribbean,RCAM,America,111
1069,DOM,Dominican Republic,Latin America and the Caribbean,RCAM,America,111
1070,DOM,Dominican Republic,Latin America and the Caribbean,RCAM,America,111
1071,DOM,Dominican Republic,Latin America and the Caribbean,RCAM,America,111
1072,DOM,Dominican Republic,Latin America and the Caribbean,RCAM,America,111
1073,GRD,Grenada,Latin America and the Caribbean,RCAM,America,112
1074,GRD,Grenada,Latin America and the Caribbean,RCAM,America,112
1075,GRD,Grenada,Latin America and the Caribbean,RCAM,America,112
1076,GRD,Grenada,Latin America and the Caribbean,RCAM,America,112
1077,GRD,Grenada,Latin America and the Caribbean,RCAM,America,112
1078,GRD,Grenada,Latin America and the Caribbean,RCAM,America,112
1079,GUY,Guyana,Latin America and the Caribbean,RSAM,America,113
1080,GUY,Guyana,Latin America and the Caribbean,RSAM,America,113
1081,GUY,Guyana,Latin America and the Caribbean,RSAM,America,113
1082,GUY,Guyana,Latin America and the Caribbean,RSAM,America,113
1083,GUY,Guyana,Latin America and the Caribbean,RSAM,America,113
1084,GUY,Guyana,Latin America and the Caribbean,RSAM,America,113
1085,GUY,Guyana,Latin America and the Caribbean,RSAM,America,113
1086,HTI,Haiti,Latin America and the Caribbean,RCAM,America,114
1087,HTI,Haiti,Latin America and the Caribbean,RCAM,America,114
1088,HTI,Haiti,Latin America and the Caribbean,RCAM,America,114
1089,HTI,Haiti,Latin America and the Caribbean,RCAM,America,114
1090,HTI,Haiti,Latin America and the Caribbean,RCAM,America,114
1091,JAM,Jamaica,Latin America and the Caribbean,RCAM,America,115
1092,JAM,Jamaica,Latin America and the Caribbean,RCAM,America,115
1093,JAM,Jamaica,Latin America and the Caribbean,RCAM,America,115
1094,JAM,Jamaica,Latin America and the Caribbean,RCAM,America,115
1095,JAM,Jamaica,Latin America and the Caribbean,RCAM,America,115
1096,JAM,Jamaica,Latin America and the Caribbean,RCAM,America,115
1097,PRI,Puerto Rico,Latin America and the Caribbean,RCAM,America,385
1098,PRI,Puerto Rico,Latin America and the Caribbean,RCAM,America,385
1099,PRI,Puerto Rico,Latin America and the Caribbean,RCAM,America,385
1100,KNA,Saint Kitts and Nevis,Latin America and the Caribbean,RCAM,America,393
1101,KNA,Saint Kitts and Nevis,Latin America and the Caribbean,RCAM,America,393
1102,KNA,Saint Kitts and Nevis,Latin America and the Caribbean,RCAM,America,393
1103,KNA,Saint Kitts and Nevis,Latin America and the Caribbean,RCAM,America,393
1104,KNA,Saint Kitts and Nevis,Latin America and the Caribbean,RCAM,America,393
1105,KNA,Saint Kitts and Nevis,Latin America and the Caribbean,RCAM,America,393
1106,LCA,Saint Lucia,Latin America and the Caribbean,RCAM,America,116
1107,LCA,Saint Lucia,Latin America and the Caribbean,RCAM,America,116
1108,LCA,Saint Lucia,Latin America and the Caribbean,RCAM,America,116
1109,LCA,Saint Lucia,Latin America and the Caribbean,RCAM,America,116
1110,LCA,Saint Lucia,Latin America and the Caribbean,RCAM,America,116
1111,LCA,Saint Lucia,Latin America and the Caribbean,RCAM,America,116
1112,VCT,Saint Vincent and the Grenadines,Latin America and the Caribbean,RCAM,America,117
1113,VCT,Saint Vincent and the Grenadines,Latin America and the Caribbean,RCAM,America,117
1114,VCT,Saint Vincent and the Grenadines,Latin America and the Caribbean,RCAM,America,117
1115,VCT,Saint Vincent and the Grenadines,Latin America and the Caribbean,RCAM,America,117
1116,VCT,Saint Vincent and the Grenadines,Latin America and the Caribbean,RCAM,America,117
1117,VCT,Saint Vincent and the Grenadines,Latin America and the Caribbean,RCAM,America,117
1118,SUR,Suriname,Latin America and the Caribbean,RSAM,America,118
1119,SUR,Suriname,Latin America and the Caribbean,RSAM,America,118
1120,SUR,Suriname,Latin America and the Caribbean,RSAM,America,118
1121,SUR,Suriname,Latin America and the Caribbean,RSAM,America,118
1122,SUR,Suriname,Latin America and the Caribbean,RSAM,America,118
1123,SUR,Suriname,Latin America and the Caribbean,RSAM,America,118
1124,TTO,Trinidad and Tobago,Latin America and the Caribbean,RCAM,America,119
1125,TTO,Trinidad and Tobago,Latin America and the Caribbean,RCAM,America,119
1126,TTO,Trinidad and Tobago,Latin America and the Caribbean,RCAM,America,119
1127,TTO,Trinidad and Tobago,Latin America and the Caribbean,RCAM,America,119
1128,TTO,Trinidad and Tobago,Latin America and the Caribbean,RCAM,America,119
1129,TTO,Trinidad and Tobago,Latin America and the Caribbean,RCAM,America,119
1130,VIR,"Virgin Islands, U.S.",Latin America and the Caribbean,RCAM,America,422
1131,VIR,"Virgin Islands, U.S.",Latin America and the Caribbean,RCAM,America,422
1132,VIR,"Virgin Islands, U.S.",Latin America and the Caribbean,RCAM,America,422
1133,COL,Colombia,Latin America and the Caribbean,RSAM,America,125
1134,COL,Colombia,Latin America and the Caribbean,RSAM,America,125
1135,COL,Colombia,Latin America and the Caribbean,RSAM,America,125
1136,COL,Colombia,Latin America and the Caribbean,RSAM,America,125
1137,COL,Colombia,Latin America and the Caribbean,RSAM,America,125
1138,COL,Colombia,Latin America and the Caribbean,RSAM,America,125
1139,CRI,Costa Rica,Latin America and the Caribbean,RCAM,America,126
1140,CRI,Costa Rica,Latin America and the Caribbean,RCAM,America,126
1141,CRI,Costa Rica,Latin America and the Caribbean,RCAM,America,126
1142,CRI,Costa Rica,Latin America and the Caribbean,RCAM,America,126
1143,CRI,Costa Rica,Latin America and the Caribbean,RCAM,America,126
1144,CRI,Costa Rica,Latin America and the Caribbean,RCAM,America,126
1145,SLV,El Salvador,Latin America and the Caribbean,RCAM,America,127
1146,SLV,El Salvador,Latin America and the Caribbean,RCAM,America,127
1147,SLV,El Salvador,Latin America and the Caribbean,RCAM,America,127
1148,SLV,El Salvador,Latin America and the Caribbean,RCAM,America,127
1149,SLV,El Salvador,Latin America and the Caribbean,RCAM,America,127
1150,GTM,Guatemala,Latin America and the Caribbean,RCAM,America,128
1151,GTM,Guatemala,Latin America and the Caribbean,RCAM,America,128
1152,GTM,Guatemala,Latin America and the Caribbean,RCAM,America,128
1153,GTM,Guatemala,Latin America and the Caribbean,RCAM,America,128
1154,GTM,Guatemala,Latin America and the Caribbean,RCAM,America,128
1155,HND,Honduras,Latin America and the Caribbean,RCAM,America,129
1156,HND,Honduras,Latin America and the Caribbean,RCAM,America,129
1157,HND,Honduras,Latin America and the Caribbean,RCAM,America,129
1158,HND,Honduras,Latin America and the Caribbean,RCAM,America,129
1159,HND,Honduras,Latin America and the Caribbean,RCAM,America,129
1160,MEX,Mexico,Latin America and the Caribbean,MEX,America,130
1161,MEX,Mexico,Latin America and the Caribbean,MEX,America,130
1162,MEX,Mexico,Latin America and the Caribbean,MEX,America,130
1163,MEX,Mexico,Latin America and the Caribbean,MEX,America,130
1164,MEX,Mexico,Latin America and the Caribbean,MEX,America,130
1165,MEX,Mexico,Latin America and the Caribbean,MEX,America,130
1166,MEX,Mexico,Latin America and the Caribbean,MEX,America,130
1167,NIC,Nicaragua,Latin America and the Caribbean,RCAM,America,131
1168,NIC,Nicaragua,Latin America and the Caribbean,RCAM,America,131
1169,NIC,Nicaragua,Latin America and the Caribbean,RCAM,America,131
1170,NIC,Nicaragua,Latin America and the Caribbean,RCAM,America,131
1171,NIC,Nicaragua,Latin America and the Caribbean,RCAM,America,131
1172,PAN,Panama,Latin America and the Caribbean,RCAM,America,132
1173,PAN,Panama,Latin America and the Caribbean,RCAM,America,132
1174,PAN,Panama,Latin America and the Caribbean,RCAM,America,132
1175,PAN,Panama,Latin America and the Caribbean,RCAM,America,132
1176,PAN,Panama,Latin America and the Caribbean,RCAM,America,132
1177,VEN,Venezuela,Latin America and the Caribbean,RSAM,America,133
1178,VEN,Venezuela,Latin America and the Caribbean,RSAM,America,133
1179,VEN,Venezuela,Latin America and the Caribbean,RSAM,America,133
1180,VEN,Venezuela,Latin America and the Caribbean,RSAM,America,133
1181,VEN,Venezuela,Latin America and the Caribbean,RSAM,America,133
1182,BRA,Brazil,Latin America and the Caribbean,BRA,America,135
1183,BRA,Brazil,Latin America and the Caribbean,BRA,America,135
1184,BRA,Brazil,Latin America and the Caribbean,BRA,America,135
1185,BRA,Brazil,Latin America and the Caribbean,BRA,America,135
1186,BRA,Brazil,Latin America and the Caribbean,BRA,America,135
1187,BRA,Brazil,Latin America and the Caribbean,BRA,America,135
1188,PRY,Paraguay,Latin America and the Caribbean,RSAM,America,136
1189,PRY,Paraguay,Latin America and the Caribbean,RSAM,America,136
1190,PRY,Paraguay,Latin America and the Caribbean,RSAM,America,136
1191,PRY,Paraguay,Latin America and the Caribbean,RSAM,America,136
1192,PRY,Paraguay,Latin America and the Caribbean,RSAM,America,136
1193,CAN,Canada,Northern America,CAN,America,101
1194,CAN,Canada,Northern America,CAN,America,101
1195,CAN,Canada,Northern America,CAN,America,101
1196,CAN,Canada,Northern America,CAN,America,101
1197,CAN,Canada,Northern America,CAN,America,101
1198,CAN,Canada,Northern America,CAN,America,101
1199,CAN,Canada,Northern America,CAN,America,101
1200,CAN,Canada,Northern America,CAN,America,101
1201,GRL,Greenland,Northern America,GRL,America,349
1202,GRL,Greenland,Northern America,GRL,America,349
1203,GRL,Greenland,Northern America,GRL,America,349
1204,GRL,Greenland,Northern America,GRL,America,349
1205,GRL,Greenland,Northern America,GRL,America,349
1206,USA,United States,Northern America,USA,America,102
1207,USA,United States,Northern America,USA,America,102
1208,USA,United States,Northern America,USA,America,102
1209,USA,United States,Northern America,USA,America,102
1210,USA,United States,Northern America,USA,America,102
1211,USA,United States,Northern America,USA,America,102
1212,USA,United States,Northern America,USA,America,102
1213,BMU,Bermuda,Northern America,RCAM,America,305
1214,BMU,Bermuda,Northern America,RCAM,America,305
1215,BMU,Bermuda,Northern America,RCAM,America,305
1216,AUS,Australia,Oceania,OCE,Oceania,71
1217,AUS,Australia,Oceania,OCE,Oceania,71
1218,AUS,Australia,Oceania,OCE,Oceania,71
1219,AUS,Australia,Oceania,OCE,Oceania,71
1220,AUS,Australia,Oceania,OCE,Oceania,71
1221,AUS,Australia,Oceania,OCE,Oceania,71
1222,AUS,Australia,Oceania,OCE,Oceania,71
1223,AUS,Australia,Oceania,OCE,Oceania,71
1224,NZL,New Zealand,Oceania,OCE,Oceania,72
1225,NZL,New Zealand,Oceania,OCE,Oceania,72
1226,NZL,New Zealand,Oceania,OCE,Oceania,72
1227,NZL,New Zealand,Oceania,OCE,Oceania,72
1228,NZL,New Zealand,Oceania,OCE,Oceania,72
1229,NZL,New Zealand,Oceania,OCE,Oceania,72
1230,NZL,New Zealand,Oceania,OCE,Oceania,72
1231,ASM,American Samoa,Oceania,OCE,Oceania,298
1232,ASM,American Samoa,Oceania,OCE,Oceania,298
1233,ASM,American Samoa,Oceania,OCE,Oceania,298
1234,COK,Cook Islands,Oceania,OCE,Oceania,320
1235,COK,Cook Islands,Oceania,OCE,Oceania,320
1236,COK,Cook Islands,Oceania,OCE,Oceania,320
1237,FJI,Fiji,Oceania,OCE,Oceania,22
1238,FJI,Fiji,Oceania,OCE,Oceania,22
1239,FJI,Fiji,Oceania,OCE,Oceania,22
1240,FJI,Fiji,Oceania,OCE,Oceania,22
1241,FJI,Fiji,Oceania,OCE,Oceania,22
1242,FJI,Fiji,Oceania,OCE,Oceania,22
1243,GUM,Guam,Oceania,OCE,Oceania,351
1244,GUM,Guam,Oceania,OCE,Oceania,351
1245,GUM,Guam,Oceania,OCE,Oceania,351
1246,KIR,Kiribati,Oceania,OCE,Oceania,23
1247,KIR,Kiribati,Oceania,OCE,Oceania,23
1248,KIR,Kiribati,Oceania,OCE,Oceania,23
1249,KIR,Kiribati,Oceania,OCE,Oceania,23
1250,KIR,Kiribati,Oceania,OCE,Oceania,23
1251,KIR,Kiribati,Oceania,OCE,Oceania,23
1252,MHL,Marshall Islands,Oceania,OCE,Oceania,24
1253,MHL,Marshall Islands,Oceania,OCE,Oceania,24
1254,MHL,Marshall Islands,Oceania,OCE,Oceania,24
1255,MHL,Marshall Islands,Oceania,OCE,Oceania,24
1256,MHL,Marshall Islands,Oceania,OCE,Oceania,24
1257,FSM,Federated States of Micronesia,Oceania,OCE,Oceania,25
1258,FSM,Federated States of Micronesia,Oceania,OCE,Oceania,25
1259,FSM,Federated States of Micronesia,Oceania,OCE,Oceania,25
1260,FSM,Federated States of Micronesia,Oceania,OCE,Oceania,25
1261,FSM,Federated States of Micronesia,Oceania,OCE,Oceania,25
1262,NRU,Nauru,Oceania,OCE,Oceania,369
1263,NRU,Nauru,Oceania,OCE,Oceania,369
1264,NRU,Nauru,Oceania,OCE,Oceania,369
1265,NRU,Nauru,Oceania,OCE,Oceania,369
1266,NRU,Nauru,Oceania,OCE,Oceania,369
1267,NRU,Nauru,Oceania,OCE,Oceania,369
1268,NIU,Niue,Oceania,OCE,Oceania,374
1269,NIU,Niue,Oceania,OCE,Oceania,374
1270,NIU,Niue,Oceania,OCE,Oceania,374
1271,MNP,Northern Mariana Islands,Oceania,OCE,Oceania,376
1272,MNP,Northern Mariana Islands,Oceania,OCE,Oceania,376
1273,MNP,Northern Mariana Islands,Oceania,OCE,Oceania,376
1274,PLW,Palau,Oceania,OCE,Oceania,380
1275,PLW,Palau,Oceania,OCE,Oceania,380
1276,PLW,Palau,Oceania,OCE,Oceania,380
1277,PLW,Palau,Oceania,OCE,Oceania,380
1278,PLW,Palau,Oceania,OCE,Oceania,380
1279,PNG,Papua New Guinea,Oceania,INDO,Oceania,26
1280,PNG,Papua New Guinea,Oceania,INDO,Oceania,26
1281,PNG,Papua New Guinea,Oceania,INDO,Oceania,26
1282,PNG,Papua New Guinea,Oceania,INDO,Oceania,26
1283,PNG,Papua New Guinea,Oceania,INDO,Oceania,26
1284,PNG,Papua New Guinea,Oceania,INDO,Oceania,26
1285,WSM,Samoa,Oceania,OCE,Oceania,27
1286,WSM,Samoa,Oceania,OCE,Oceania,27
1287,WSM,Samoa,Oceania,OCE,Oceania,27
1288,WSM,Samoa,Oceania,OCE,Oceania,27
1289,WSM,Samoa,Oceania,OCE,Oceania,27
1290,WSM,Samoa,Oceania,OCE,Oceania,27
1291,SLB,Solomon Islands,Oceania,OCE,Oceania,28
1292,SLB,Solomon Islands,Oceania,OCE,Oceania,28
1293,SLB,Solomon Islands,Oceania,OCE,Oceania,28
1294,SLB,Solomon Islands,Oceania,OCE,Oceania,28
1295,SLB,Solomon Islands,Oceania,OCE,Oceania,28
1296,SLB,Solomon Islands,Oceania,OCE,Oceania,28
1297,TKL,Tokelau,Oceania,OCE,Oceania,413
1298,TKL,Tokelau,Oceania,OCE,Oceania,413
1299,TON,Tonga,Oceania,OCE,Oceania,29
1300,TON,Tonga,Oceania,OCE,Oceania,29
1301,TON,Tonga,Oceania,OCE,Oceania,29
1302,TON,Tonga,Oceania,OCE,Oceania,29
1303,TON,Tonga,Oceania,OCE,Oceania,29
1304,TON,Tonga,Oceania,OCE,Oceania,29
1305,TUV,Tuvalu,Oceania,OCE,Oceania,416
1306,TUV,Tuvalu,Oceania,OCE,Oceania,416
1307,TUV,Tuvalu,Oceania,OCE,Oceania,416
1308,TUV,Tuvalu,Oceania,OCE,Oceania,416
1309,TUV,Tuvalu,Oceania,OCE,Oceania,416
1310,TUV,Tuvalu,Oceania,OCE,Oceania,416
1311,VUT,Vanuatu,Oceania,OCE,Oceania,30
1312,VUT,Vanuatu,Oceania,OCE,Oceania,30
1313,VUT,Vanuatu,Oceania,OCE,Oceania,30
1314,VUT,Vanuatu,Oceania,OCE,Oceania,30
1315,VUT,Vanuatu,Oceania,OCE,Oceania,30
1316,VUT,Vanuatu,Oceania,OCE,Oceania,30
